Timestamp,Packet #,Distance,RSSI,Smoothed RSSI,Loss Rate,Throughput,Temp BME280,Temp DS18B20,Pressure,Altitude,Velocity X,Velocity Y,Velocity Z,Accel X,Accel Y,Accel Z
2026-03-22 11:45:52.006,9.0,0.0056,-9.0,-10.898,16.0,0.768,34.3,23.3,95.918,87.55,0.14,-0.0699,0.2811,-1.0,1.37,1.86
2026-03-22 11:45:52.061,10.0,0.0053,-9.0,-10.5184,15.873,0.0,34.2,38.4,104.909,49.56,0.0453,-0.1344,0.203,1.7,-1.2,0.19
2026-03-22 11:45:52.357,11.0,0.0051,-9.0,-10.2147,15.748,0.768,35.3,29.7,103.581,10.61,-0.1319,-0.1961,0.1791,1.77,-1.02,-0.86
2026-03-22 11:45:52.521,12.0,0.005,-9.0,-9.9718,15.625,0.0,21.0,39.6,96.906,44.74,-0.0357,0.0424,-0.0147,-0.08,1.96,0.59
2026-03-22 11:45:53.360,13.0,0.0049,-9.0,-9.7774,15.5039,0.768,29.1,26.1,101.917,81.18,-0.1181,0.2216,-0.0295,0.11,0.64,0.75
2026-03-22 11:45:54.486,14.0,0.0048,-9.0,-9.6219,15.3846,0.0,21.2,32.2,95.748,68.19,-0.079,0.014,-0.1133,1.74,-0.57,-1.67
2026-03-22 11:45:55.656,15.0,0.0047,-9.0,-9.4975,15.2672,0.768,36.9,33.9,95.125,66.26,-0.1369,0.1312,0.0388,-1.24,0.57,0.5
2026-03-22 11:45:56.961,16.0,0.0047,-9.0,-9.398,15.1515,0.0,21.2,25.7,95.991,49.79,-0.0118,0.0644,-0.0131,-0.37,1.26,-0.97
2026-03-22 11:45:57.368,17.0,0.0046,-9.0,-9.3184,15.0376,0.768,24.0,24.6,102.217,71.95,-0.0286,-0.04,0.0183,-0.62,0.59,1.26
2026-03-22 11:45:58.631,18.0,0.0046,-9.0,-9.2547,14.9254,0.0,33.2,29.0,104.989,2.84,-0.0202,-0.2469,-0.0134,-0.29,-1.88,-0.72
2026-03-22 11:45:59.488,19.0,0.0046,-9.0,-9.2038,14.8148,0.768,33.6,38.2,104.054,97.05,0.0678,-0.5614,-0.186,0.64,-2.0,-0.05
2026-03-22 11:46:00.403,20.0,0.0046,-9.0,-9.163,14.7059,0.0,22.4,24.5,97.318,67.75,0.1263,-0.5824,-0.3074,0.57,-1.61,1.19
2026-03-22 11:46:01.543,21.0,0.0046,-10.0,-9.3304,14.5985,0.768,38.4,37.9,102.257,12.66,0.055,-0.1605,0.0629,1.44,1.49,1.17
2026-03-22 11:46:02.298,22.0,0.0046,-9.0,-9.2643,14.4928,0.0,38.3,32.0,96.147,78.69,0.081,-0.3407,0.1761,0.08,0.01,-0.94
2026-03-22 11:46:03.391,23.0,0.0046,-9.0,-9.2115,14.3885,0.768,37.2,27.0,97.412,64.54,0.0789,-0.3731,0.1791,-0.32,0.01,1.06
2026-03-22 11:46:04.553,24.0,0.0046,-9.0,-9.1692,14.2857,0.384,22.6,32.4,104.758,52.55,0.3124,-0.2006,0.0989,0.92,1.78,0.06
2026-03-22 11:46:05.677,25.0,0.0045,-9.0,-9.1353,14.1844,0.384,36.7,28.6,99.249,3.6,0.4853,-0.2118,0.0268,-0.84,0.48,1.33
2026-03-22 11:46:06.816,26.0,0.0045,-9.0,-9.1083,14.0845,0.0,29.4,38.4,97.987,81.43,0.3789,-0.2713,0.1265,-0.44,1.0,1.35
2026-03-22 11:46:07.935,27.0,0.0045,-9.0,-9.0866,13.986,0.768,39.5,34.1,101.748,70.3,0.332,-0.3132,0.075,-1.26,1.54,-0.79
2026-03-22 11:46:08.350,28.0,0.0045,-9.0,-9.0693,13.8889,0.0,30.3,27.2,101.059,25.3,0.2326,-0.0703,0.0253,-1.22,-0.08,-1.01
2026-03-22 11:46:09.486,29.0,0.0045,-9.0,-9.0554,13.7931,0.768,27.3,24.4,97.906,1.3,0.1848,0.0799,-0.2098,1.07,-0.28,1.88
2026-03-22 11:46:10.281,30.0,0.0045,-9.0,-9.0443,13.6986,0.0,29.3,28.9,99.113,79.64,0.1256,0.2661,-0.2486,1.64,0.01,-1.67
2026-03-22 11:46:11.653,31.0,0.0045,-9.0,-9.0355,13.6054,0.768,23.5,39.8,99.257,64.29,-0.0222,0.1441,-0.2784,0.41,-0.4,-1.95
2026-03-22 11:46:12.911,32.0,0.0045,-9.0,-9.0284,13.5135,0.0,29.9,22.4,99.799,30.25,-0.0205,0.0608,0.1225,-0.96,0.49,1.75
2026-03-22 11:46:13.394,33.0,0.0045,-9.0,-9.0227,13.4228,0.768,35.0,35.8,104.26,89.65,0.2711,-0.017,0.1183,-1.58,-0.82,0.68
2026-03-22 11:46:14.567,34.0,0.0045,-9.0,-9.0182,13.3333,0.0,20.6,23.4,99.946,46.67,0.1853,-0.0272,0.0746,-0.44,-1.43,-0.35
2026-03-22 11:46:15.552,35.0,0.0045,-9.0,-9.0145,13.245,0.768,38.3,24.2,104.505,66.13,0.0559,0.0265,0.0046,1.42,0.36,1.4
2026-03-22 11:46:16.743,36.0,0.0046,-10.0,-9.2116,13.1579,0.0,39.6,39.8,97.181,0.24,0.123,-0.0933,-0.2225,0.2,1.13,-1.27
2026-03-22 11:46:17.873,37.0,0.0047,-10.0,-9.3693,13.0719,0.768,23.6,21.4,100.388,79.85,-0.012,-0.0133,-0.3248,-1.83,-1.15,1.65
2026-03-22 11:46:18.281,38.0,0.0047,-10.0,-9.4954,12.987,0.0,25.2,31.3,103.468,6.36,-0.031,-0.0505,-0.1025,0.93,0.24,-0.02
2026-03-22 11:46:19.450,39.0,0.0048,-10.0,-9.5964,12.9032,0.768,39.3,28.2,99.047,64.26,0.0788,-0.0789,-0.0869,0.23,1.23,1.07
2026-03-22 11:46:20.610,40.0,0.0048,-10.0,-9.6771,12.8205,0.0,39.7,25.6,102.697,69.71,-0.0666,-0.2137,-0.2153,0.18,-0.27,-0.84
2026-03-22 11:46:21.378,41.0,0.005,-11.0,-9.9417,12.7389,0.768,20.6,30.8,95.746,52.46,-0.005,0.0283,-0.017,1.48,1.5,-0.09
2026-03-22 11:46:22.508,42.0,0.0052,-12.0,-10.3533,12.6582,0.0,38.3,21.1,100.169,37.54,-0.007,0.051,-0.1835,-0.11,-0.42,-0.2
2026-03-22 11:46:23.727,43.0,0.0055,-13.0,-10.8827,12.5786,0.768,23.1,26.4,103.803,33.53,0.0845,0.2015,-0.1431,0.5,-1.86,-1.57
2026-03-22 11:46:24.960,44.0,0.0058,-13.0,-11.3061,12.5,0.0,32.8,20.5,96.007,26.25,0.0599,0.1877,-0.0733,1.84,-0.78,0.41
2026-03-22 11:46:25.401,45.0,0.0059,-12.0,-11.4449,12.4224,0.768,31.6,34.8,95.334,61.64,-0.0047,0.0199,0.0136,-0.47,1.99,1.36
2026-03-22 11:46:26.589,46.0,0.006,-12.0,-11.5559,12.3457,0.0,28.7,33.4,101.462,70.96,0.0195,0.1079,-0.0608,1.57,1.7,-0.43
2026-03-22 11:46:27.426,47.0,0.0061,-12.0,-11.6447,12.2699,0.768,37.4,31.1,98.205,48.08,-0.0072,-0.0782,-0.1205,1.33,1.66,0.84
2026-03-22 11:46:28.712,48.0,0.0061,-12.0,-11.7158,12.1951,0.0,26.9,31.3,99.275,78.37,-0.0065,0.023,0.0612,-1.01,-0.45,0.72
2026-03-22 11:46:29.946,49.0,0.0063,-13.0,-11.9726,12.1212,0.768,21.1,36.8,102.547,72.11,-0.2252,-0.0465,0.2696,0.17,1.21,-1.18
2026-03-22 11:46:30.393,50.0,0.0063,-12.0,-11.9781,12.0482,0.384,39.0,23.9,104.014,53.97,-0.3639,0.1237,0.3062,-1.39,-1.32,-0.96
2026-03-22 11:46:31.532,51.0,0.0063,-12.0,-11.9825,11.976,0.0,35.6,33.7,103.962,15.76,-0.3541,0.0212,0.3527,1.19,0.18,1.78
2026-03-22 11:46:32.362,52.0,0.0063,-12.0,-11.986,11.9048,0.768,22.3,21.8,99.592,96.36,-0.4306,-0.1124,0.2114,-0.39,1.0,-0.66
2026-03-22 11:46:33.460,53.0,0.0063,-12.0,-11.9888,11.8343,0.0,27.3,28.2,103.774,94.23,-0.5009,-0.2089,0.1117,0.12,0.76,-2.0
2026-03-22 11:46:34.727,54.0,0.0063,-12.0,-11.991,11.7647,0.768,38.0,30.0,102.83,26.23,-0.0063,-0.0011,0.0429,0.53,0.64,-0.97
2026-03-22 11:46:35.968,55.0,0.0063,-12.0,-11.9928,11.6959,0.0,34.0,25.9,98.434,28.91,0.0916,-0.0001,-0.137,1.27,0.53,1.55
2026-03-22 11:46:36.377,56.0,0.0063,-12.0,-11.9943,11.6279,0.768,27.0,27.2,95.313,85.47,0.1934,0.0515,-0.2324,-0.44,1.07,-1.5
2026-03-22 11:46:37.571,57.0,0.0063,-12.0,-11.9954,11.5607,0.0,33.1,37.0,98.097,12.13,0.0842,0.0097,-0.0746,0.09,-0.45,-0.99
2026-03-22 11:46:38.346,58.0,0.0063,-12.0,-11.9963,11.4943,0.768,24.7,39.2,99.251,10.05,0.0301,0.0921,-0.1376,-0.61,-0.09,1.65
2026-03-22 11:46:39.596,59.0,0.0063,-12.0,-11.9971,11.4286,0.0,22.8,24.4,97.78,70.96,0.0731,-0.0075,0.0636,1.29,-0.37,-1.96
2026-03-22 11:46:40.773,60.0,0.0063,-12.0,-11.9976,11.3636,0.768,36.1,26.3,95.915,86.09,0.1641,0.0314,-0.0445,0.68,1.76,-0.61
2026-03-22 11:46:41.909,61.0,0.0063,-12.0,-11.9981,11.2994,0.0,26.3,37.4,98.638,87.95,0.2726,0.13,-0.0081,-1.3,0.93,-1.69
2026-03-22 11:46:42.330,62.0,0.0063,-12.0,-11.9985,11.236,0.768,22.1,33.0,101.145,64.43,0.2582,0.0275,-0.037,-0.43,-1.36,0.28
2026-03-22 11:46:43.551,63.0,0.0063,-12.0,-11.9988,11.1732,0.0,22.3,26.2,99.34,33.02,0.3254,-0.1192,-0.0589,0.59,0.56,-1.01
2026-03-22 11:46:44.378,64.0,0.0063,-12.0,-11.999,11.1111,0.768,26.9,37.6,104.892,30.68,0.2939,0.1548,-0.0468,1.66,1.87,1.01
2026-03-22 11:46:45.517,65.0,0.0063,-12.0,-11.9992,11.0497,0.384,24.7,32.3,99.482,88.77,0.2768,0.0578,0.0593,1.6,-1.05,-1.65
2026-03-22 11:46:46.752,66.0,0.0063,-12.0,-11.9994,10.989,0.0,36.0,34.5,100.262,26.31,-0.0378,-0.0251,-0.0085,-0.74,-1.22,0.61
2026-03-22 11:46:47.886,67.0,0.0063,-12.0,-11.9995,10.929,0.768,23.0,35.0,101.013,88.86,-0.1387,-0.0426,0.236,-0.08,1.56,0.55
2026-03-22 11:46:48.296,68.0,0.0063,-12.0,-11.9996,10.8696,0.0,32.4,25.2,102.475,2.88,-0.0584,0.1048,-0.1356,-0.43,0.55,-1.11
2026-03-22 11:46:49.566,69.0,0.0063,-12.0,-11.9997,10.8108,0.768,24.2,31.2,96.843,86.84,0.0706,0.3032,-0.1621,-1.75,1.9,1.93
2026-03-22 11:46:50.338,70.0,0.0063,-12.0,-11.9997,10.7527,0.0,27.5,36.2,99.281,11.34,0.2636,0.3251,-0.3025,1.36,1.43,-1.58
2026-03-22 11:46:51.567,71.0,0.0063,-12.0,-11.9998,10.6952,0.768,36.4,30.4,97.183,5.45,0.263,0.47,-0.4319,-1.96,1.22,-1.31
2026-03-22 11:46:52.758,72.0,0.0063,-12.0,-11.9998,10.6383,0.384,34.8,24.3,96.031,88.1,0.0464,0.0165,-0.1238,0.98,-1.69,-0.04
2026-03-22 11:46:53.885,73.0,0.0065,-13.0,-12.1999,10.582,0.384,38.2,20.9,104.367,47.98,0.0498,0.0192,0.0579,1.26,-1.69,0.29
2026-03-22 11:46:54.360,74.0,0.0064,-12.0,-12.1599,10.5263,0.0,33.3,36.1,98.178,39.19,0.1361,-0.0689,0.0875,-0.02,1.04,0.45
2026-03-22 11:46:55.706,75.0,0.0064,-12.0,-12.1279,10.4712,0.768,31.6,24.9,99.731,28.28,0.2994,-0.0507,0.0443,-0.07,1.56,-0.43
2026-03-22 11:46:56.469,76.0,0.0064,-12.0,-12.1023,10.4167,0.0,33.0,21.8,97.117,20.03,0.4757,-0.1651,-0.0029,-1.14,-1.58,-1.65
2026-03-22 11:46:57.649,77.0,0.0065,-13.0,-12.2819,10.3627,0.768,37.4,37.9,95.973,29.7,0.6189,0.0343,-0.2193,-0.03,-0.8,0.41
2026-03-22 11:46:58.884,78.0,0.0065,-12.0,-12.2255,10.3093,0.384,23.4,36.0,104.559,15.92,-0.0372,-0.0039,0.0371,-1.53,1.91,0.09
2026-03-22 11:46:59.355,79.0,0.0064,-12.0,-12.1804,10.2564,0.0,39.6,24.7,103.843,69.16,-0.0716,0.137,0.1022,0.58,0.02,1.48
2026-03-22 11:47:00.432,80.0,0.0064,-12.0,-12.1443,10.2041,0.768,31.5,36.4,104.944,93.47,-0.1306,0.2561,0.0353,1.68,0.48,-1.77
2026-03-22 11:47:01.693,81.0,0.0064,-12.0,-12.1155,10.1523,0.0,28.8,27.3,97.33,59.25,-0.1077,0.3036,-0.0539,-1.25,1.11,0.34
2026-03-22 11:47:02.858,82.0,0.0064,-12.0,-12.0924,10.101,0.768,36.0,35.1,96.885,18.91,-0.0138,-0.0044,0.0254,0.83,1.89,-1.86
2026-03-22 11:47:03.304,83.0,0.0064,-12.0,-12.0739,10.0503,0.0,35.1,22.0,96.708,43.98,-0.0347,0.0906,-0.0451,-0.56,-1.66,-2.0
2026-03-22 11:47:04.577,84.0,0.0064,-12.0,-12.0591,10.0,0.768,29.0,29.6,95.132,76.63,-0.0621,0.0523,-0.1191,0.3,0.55,-1.48
2026-03-22 11:47:05.472,85.0,0.0063,-12.0,-12.0473,9.9502,0.0,34.6,22.3,98.406,9.19,0.1347,-0.0333,-0.0419,1.41,-1.74,1.51
2026-03-22 11:47:06.745,86.0,0.0063,-12.0,-12.0378,9.901,0.768,23.2,35.4,99.282,17.21,0.0558,-0.0823,0.0248,-0.76,1.6,-1.14
2026-03-22 11:47:08.093,87.0,0.0063,-12.0,-12.0303,9.8522,0.0,27.6,32.8,101.008,15.03,-0.0963,0.0071,0.1586,-1.67,1.66,1.95
2026-03-22 11:47:08.639,88.0,0.0065,-13.0,-12.2242,9.8039,0.768,37.2,24.8,96.843,98.87,0.0702,0.0714,-0.0507,-0.41,0.45,-1.63
2026-03-22 11:47:09.471,89.0,0.0064,-12.0,-12.1794,9.7561,0.384,21.1,37.6,97.636,45.27,0.1695,0.2051,-0.3206,1.68,1.92,-0.07
2026-03-22 11:47:10.694,90.0,0.0064,-12.0,-12.1435,9.7087,0.384,29.1,22.9,98.529,1.51,0.1706,0.3803,-0.3468,0.1,-1.58,-0.34
2026-03-22 11:47:11.938,91.0,0.0064,-12.0,-12.1148,9.6618,0.0,38.4,33.9,98.674,1.38,0.2868,0.2253,-0.3515,-1.24,1.82,-1.69
2026-03-22 11:47:12.360,92.0,0.0064,-12.0,-12.0918,9.6154,0.768,39.1,32.3,104.812,90.17,0.4328,-0.0276,-0.3698,-0.4,-1.94,0.89
2026-03-22 11:47:13.528,93.0,0.0064,-12.0,-12.0735,9.5694,0.384,25.9,30.7,97.492,36.1,0.5029,-0.2197,-0.3571,-0.26,1.14,-0.16
2026-03-22 11:47:14.278,94.0,0.0064,-12.0,-12.0588,9.5238,0.0,26.4,36.6,97.653,90.12,0.5493,-0.3077,-0.5389,-1.36,-0.04,-1.79
2026-03-22 11:47:15.557,95.0,0.0063,-12.0,-12.047,9.4787,0.768,24.9,37.5,95.358,18.65,-0.0435,-0.0184,-0.1043,1.3,1.59,0.1
2026-03-22 11:47:17.015,96.0,0.0063,-12.0,-12.0376,9.434,0.0,20.0,36.1,102.771,71.49,0.0111,0.1101,0.0062,-0.78,1.72,1.76
2026-03-22 11:47:17.441,97.0,0.0063,-12.0,-12.0301,9.3897,0.768,30.6,22.7,100.956,3.3,-0.0129,-0.0534,0.035,1.08,-1.35,-1.9
2026-03-22 11:47:18.354,98.0,0.0063,-12.0,-12.0241,9.3458,0.0,30.4,39.6,99.619,92.78,-0.0935,-0.1395,0.0522,0.26,0.9,1.76
2026-03-22 11:47:19.506,99.0,0.0063,-12.0,-12.0193,9.3023,0.768,39.6,25.0,98.177,62.17,0.0047,0.0347,-0.062,0.96,-1.61,1.11
2026-03-22 11:47:20.824,100.0,0.0063,-12.0,-12.0154,9.2593,0.0,25.8,31.1,95.311,86.35,-0.0853,-0.0667,0.0854,-1.4,-1.08,-0.02
2026-03-22 11:47:21.267,101.0,0.0063,-12.0,-12.0123,9.2166,0.768,24.9,35.5,101.784,92.58,-0.0898,-0.0527,0.2052,1.36,-0.91,1.71
2026-03-22 11:47:22.358,102.0,0.0063,-12.0,-12.0099,9.1743,0.0,38.6,24.3,96.264,30.23,-0.0583,-0.1033,0.4086,0.57,1.46,0.05
2026-03-22 11:47:23.637,103.0,0.0063,-12.0,-12.0079,9.1324,0.768,27.7,39.4,95.316,37.17,-0.1036,0.0116,0.5611,0.24,1.0,-0.51
2026-03-22 11:47:24.776,104.0,0.0063,-12.0,-12.0063,9.0909,0.0,38.3,20.8,103.184,63.8,-0.2148,0.1814,0.7399,-0.41,-1.07,0.88
2026-03-22 11:47:26.052,105.0,0.0066,-14.0,-12.405,9.0498,0.768,34.3,34.4,97.722,9.29,-0.1468,0.4297,0.9487,-1.13,0.76,1.69
2026-03-22 11:47:26.480,106.0,0.0069,-14.0,-12.724,9.009,0.0,31.5,37.5,104.064,85.88,-0.1377,0.4414,1.0173,-1.67,-0.75,0.67
2026-03-22 11:47:27.251,107.0,0.0071,-14.0,-12.9792,8.9686,0.768,29.5,26.2,97.423,27.1,-0.1201,0.3445,0.9661,0.06,1.6,-0.05
2026-03-22 11:47:28.562,108.0,0.0072,-14.0,-13.1834,8.9286,0.0,32.7,21.3,95.689,95.15,-0.1718,0.3694,0.8376,-0.74,-1.4,-0.6
2026-03-22 11:47:29.713,109.0,0.0074,-14.0,-13.3467,8.8889,0.768,35.9,20.6,101.954,83.79,-0.208,0.21,0.8122,-0.57,-0.46,0.46
2026-03-22 11:47:30.844,110.0,0.0075,-14.0,-13.4774,8.8496,0.384,21.7,30.7,104.115,10.7,-0.3234,0.2885,0.7255,0.82,1.16,-1.55
2026-03-22 11:47:31.261,111.0,0.0076,-14.0,-13.5819,8.8106,0.0,22.6,27.1,103.948,10.79,-0.0564,-0.0631,0.0193,1.42,0.91,-0.84
2026-03-22 11:47:32.501,112.0,0.0076,-14.0,-13.6655,8.7719,0.768,35.4,38.9,95.46,51.74,0.0032,-0.103,0.0982,-0.21,1.96,0.19
2026-03-22 11:47:33.278,113.0,0.0077,-14.0,-13.7324,8.7336,0.0,24.1,33.6,100.564,79.84,-0.1212,-0.2222,0.2419,-1.7,-1.97,-0.14
2026-03-22 11:47:34.467,114.0,0.0077,-14.0,-13.7859,8.6957,0.768,30.1,34.4,95.218,38.74,0.1227,-0.0828,-0.0129,-0.73,-1.98,-1.37
2026-03-22 11:47:35.661,115.0,0.0078,-14.0,-13.8287,8.658,0.0,38.5,20.6,99.337,9.76,0.048,0.1331,-0.0119,1.62,-1.36,-1.28
2026-03-22 11:47:36.261,116.0,0.0078,-14.0,-13.863,8.6207,0.768,39.6,22.7,98.713,20.51,0.1414,0.0263,-0.1666,-0.55,-0.14,0.18
2026-03-22 11:47:37.509,117.0,0.0078,-14.0,-13.8904,8.5837,0.0,20.4,36.0,102.718,53.61,0.4394,0.0192,-0.1625,-0.69,-1.22,-0.8
2026-03-22 11:47:38.265,118.0,0.0079,-14.0,-13.9123,8.547,0.768,36.2,35.6,103.197,2.84,0.5482,-0.0062,-0.2143,1.66,0.22,1.03
2026-03-22 11:47:39.541,119.0,0.0079,-14.0,-13.9299,8.5106,0.0,36.8,38.3,98.074,46.88,0.5167,-0.0915,-0.026,-1.96,-0.14,-0.21
2026-03-22 11:47:40.731,120.0,0.0079,-14.0,-13.9439,8.4746,0.768,23.1,26.0,100.875,98.31,0.4065,0.0998,-0.1454,-1.07,0.67,-1.38
2026-03-22 11:47:41.909,121.0,0.0079,-14.0,-13.9551,8.4388,0.0,38.4,34.1,103.088,45.94,0.2655,0.194,-0.1221,0.58,-1.96,-0.46
2026-03-22 11:47:42.322,122.0,0.0079,-14.0,-13.9641,8.4034,0.768,36.6,22.3,103.309,48.24,0.3004,0.103,-0.1598,-0.63,1.1,1.1
2026-03-22 11:47:43.462,123.0,0.0079,-14.0,-13.9713,8.3682,0.0,38.0,24.3,97.687,58.44,0.322,-0.0001,-0.3045,0.46,1.77,-1.71
2026-03-22 11:47:44.230,124.0,0.0079,-14.0,-13.977,8.3333,0.768,20.8,30.7,101.875,43.05,-0.0656,-0.1174,-0.0599,-0.11,-0.85,-1.66
2026-03-22 11:47:45.346,125.0,0.0079,-14.0,-13.9816,8.2988,0.0,22.5,27.4,97.467,6.83,-0.2154,-0.1075,0.1648,0.74,-0.07,-1.73
2026-03-22 11:47:46.668,126.0,0.0079,-14.0,-13.9853,8.2645,0.768,34.5,36.5,97.391,19.4,-0.14,-0.3213,0.2128,-1.46,1.0,0.57
2026-03-22 11:47:47.836,127.0,0.0079,-14.0,-13.9882,8.2305,0.0,38.9,21.1,95.841,1.71,-0.1434,-0.4418,0.3575,1.48,-1.15,-0.94
2026-03-22 11:47:48.253,128.0,0.0079,-14.0,-13.9906,8.1967,0.768,28.9,37.3,97.573,95.19,0.1618,-0.0525,-0.0324,1.87,0.75,-1.41
2026-03-22 11:47:49.223,129.0,0.0079,-14.0,-13.9925,8.1633,0.384,33.2,30.3,99.757,54.64,-0.056,0.0376,-0.0195,1.2,-1.48,0.69
2026-03-22 11:47:50.421,130.0,0.0079,-14.0,-13.994,8.1301,0.0,32.8,22.6,98.116,24.85,-0.2643,0.0835,-0.1321,0.88,0.26,1.23
2026-03-22 11:47:51.532,131.0,0.0079,-14.0,-13.9952,8.0972,0.768,22.7,25.1,103.221,87.09,-0.288,0.1564,-0.297,1.59,-0.78,0.04
2026-03-22 11:47:52.692,132.0,0.0079,-14.0,-13.9961,8.0645,0.0,26.8,26.5,95.503,13.87,-0.4673,0.0784,-0.1771,0.44,1.93,-0.9
2026-03-22 11:47:53.868,133.0,0.0079,-14.0,-13.9969,8.0321,0.768,27.3,29.0,96.39,50.49,-0.3797,-0.0966,-0.0615,-1.67,0.45,-1.36
2026-03-22 11:47:54.294,134.0,0.0079,-14.0,-13.9975,8.0,0.0,32.8,32.6,100.991,59.17,-0.4585,-0.2303,0.0141,-1.71,-1.24,-0.35
2026-03-22 11:47:55.505,135.0,0.0079,-14.0,-13.998,7.9681,0.768,22.4,26.6,101.164,60.54,-0.5249,-0.4015,0.0205,-1.67,-1.07,1.22
2026-03-22 11:47:56.372,136.0,0.0079,-14.0,-13.9984,7.9365,0.0,30.4,26.3,98.356,76.6,-0.4632,-0.3808,0.1265,-1.77,-0.35,0.1
2026-03-22 11:47:57.482,137.0,0.0079,-14.0,-13.9987,7.9051,0.768,29.4,34.8,101.706,59.08,-0.2598,-0.4221,0.1055,-1.19,-0.64,1.59
2026-03-22 11:47:58.655,138.0,0.0079,-14.0,-13.999,7.874,0.0,28.9,23.6,96.502,53.75,-0.0122,0.0383,0.024,-0.24,-0.45,1.72
2026-03-22 11:47:59.923,139.0,0.0079,-14.0,-13.9992,7.8431,0.768,36.8,31.9,101.586,20.19,0.1016,-0.0171,0.0444,1.42,0.83,0.67
2026-03-22 11:48:00.348,140.0,0.0081,-15.0,-14.1994,7.8125,0.0,26.0,26.6,103.451,3.61,-0.093,-0.0199,-0.0123,-1.53,-1.11,1.57
2026-03-22 11:48:01.597,141.0,0.0083,-15.0,-14.3595,7.7821,0.768,33.3,23.2,103.105,81.75,-0.072,0.0867,0.0632,0.9,0.03,0.47
2026-03-22 11:48:02.488,142.0,0.0082,-14.0,-14.2876,7.7519,0.0,28.5,22.9,101.545,76.08,-0.1494,-0.0473,-0.0602,-1.89,1.59,0.71
2026-03-22 11:48:03.595,143.0,0.0082,-14.0,-14.2301,7.722,0.768,32.1,30.7,100.459,12.64,-0.2721,-0.2305,-0.1109,0.02,0.06,-0.37
2026-03-22 11:48:04.736,144.0,0.0081,-14.0,-14.1841,7.6923,0.0,33.2,39.7,95.159,52.36,-0.3065,-0.275,-0.1828,0.82,-1.38,-0.84
2026-03-22 11:48:05.893,145.0,0.0081,-14.0,-14.1472,7.6628,0.768,25.9,37.6,104.511,24.92,-0.2363,-0.2696,-0.2929,-0.23,-1.57,-1.86
2026-03-22 11:48:06.342,146.0,0.0082,-15.0,-14.3178,7.6336,0.0,28.9,37.9,102.056,8.57,0.1324,-0.1179,0.0042,-1.23,-1.16,0.73
2026-03-22 11:48:07.607,147.0,0.0082,-14.0,-14.2542,7.6046,0.768,36.6,24.4,96.573,35.55,0.1337,-0.4091,0.0074,1.19,-0.43,-1.29
2026-03-22 11:48:08.442,148.0,0.0081,-14.0,-14.2034,7.5758,0.0,21.1,28.0,95.862,82.26,-0.192,-0.575,-0.1211,-0.88,0.43,-1.04
2026-03-22 11:48:09.576,149.0,0.0081,-14.0,-14.1627,7.5472,0.768,34.1,31.3,95.246,41.52,-0.0697,-0.062,-0.1138,1.54,-1.63,-1.36
2026-03-22 11:48:10.732,150.0,0.0081,-14.0,-14.1302,7.5188,0.0,28.8,38.4,100.775,21.24,-0.2466,-0.1271,0.0524,0.67,1.25,-0.28
2026-03-22 11:48:11.879,151.0,0.008,-14.0,-14.1041,7.4906,0.768,28.3,20.7,98.729,23.23,0.0661,-0.0105,0.0458,1.0,1.2,-1.76
2026-03-22 11:48:12.291,152.0,0.008,-14.0,-14.0833,7.4627,0.0,27.2,22.5,96.36,57.45,0.1952,-0.1737,0.1152,1.76,-1.66,0.11
2026-03-22 11:48:13.493,153.0,0.008,-14.0,-14.0666,7.4349,0.768,23.2,29.0,98.844,5.36,-0.0108,-0.0018,0.0061,-1.83,-1.63,1.07
2026-03-22 11:48:14.328,154.0,0.008,-14.0,-14.0533,7.4074,0.0,38.8,20.7,96.341,6.3,0.1137,-0.0899,-0.0934,-1.69,1.59,-1.85
2026-03-22 11:48:15.463,155.0,0.008,-14.0,-14.0427,7.3801,0.768,28.0,36.4,102.254,86.35,0.1987,-0.0268,0.0406,1.55,0.97,-1.28
2026-03-22 11:48:16.696,156.0,0.008,-14.0,-14.0341,7.3529,0.0,22.1,29.2,101.954,34.17,0.32,0.3537,0.0162,1.73,1.55,0.89
2026-03-22 11:48:17.894,157.0,0.008,-14.0,-14.0273,7.326,0.768,32.4,33.2,99.391,38.68,0.1215,0.4,0.147,-0.83,-1.09,1.64
2026-03-22 11:48:18.320,158.0,0.008,-14.0,-14.0218,7.2993,0.0,31.1,36.4,102.47,13.84,0.0165,-0.0353,-0.0357,0.65,-0.42,-0.16
2026-03-22 11:48:19.572,159.0,0.008,-14.0,-14.0175,7.2727,0.768,31.1,26.0,101.719,12.47,-0.0361,0.0135,-0.0359,0.22,-1.18,-1.68
2026-03-22 11:48:20.323,160.0,0.008,-14.0,-14.014,7.2464,0.0,21.9,28.1,96.446,74.85,-0.2173,-0.0398,-0.0582,0.76,-0.74,1.91
2026-03-22 11:48:21.472,161.0,0.008,-14.0,-14.0112,7.2202,0.768,36.7,34.6,97.895,2.64,-0.5142,0.0309,-0.0364,0.81,-1.48,-1.89
2026-03-22 11:48:22.726,162.0,0.008,-14.0,-14.0089,7.1942,0.0,38.0,23.5,101.561,54.25,-0.4767,0.0023,0.0643,-1.98,0.18,0.86
2026-03-22 11:48:23.868,163.0,0.0079,-14.0,-14.0072,7.1685,0.768,27.7,26.3,96.238,92.6,-0.4432,0.0551,0.0124,1.86,-1.76,-1.79
2026-03-22 11:48:24.350,164.0,0.0079,-14.0,-14.0057,7.1429,0.0,36.9,33.5,103.991,77.98,-0.1337,-0.0257,0.2304,-0.65,0.15,-1.7
2026-03-22 11:48:25.602,165.0,0.0081,-15.0,-14.2046,7.1174,0.768,21.7,28.2,99.771,75.46,-0.1629,-0.1079,0.3129,-1.17,-0.03,-0.18
2026-03-22 11:48:26.397,166.0,0.0081,-14.0,-14.1637,7.0922,0.0,26.3,30.5,104.387,24.54,-0.0114,-0.0858,0.1016,1.87,0.99,1.02
2026-03-22 11:48:27.668,167.0,0.0081,-14.0,-14.1309,7.0671,0.768,34.1,39.5,95.786,13.39,-0.0284,-0.1336,0.0837,0.65,1.5,0.97
2026-03-22 11:48:28.886,168.0,0.008,-14.0,-14.1047,7.0423,0.0,36.1,27.6,101.52,69.41,-0.174,0.0657,0.0014,1.75,0.36,-0.23
2026-03-22 11:48:29.308,169.0,0.008,-14.0,-14.0838,7.0175,0.768,39.2,35.6,95.297,15.31,-0.149,0.0629,0.037,-0.68,0.16,0.16
2026-03-22 11:48:30.447,170.0,0.008,-14.0,-14.067,6.993,0.0,36.5,27.3,98.412,56.93,-0.265,0.1313,0.1821,1.9,0.66,-0.43
2026-03-22 11:48:31.560,171.0,0.008,-14.0,-14.0536,6.9686,0.768,28.0,26.8,100.985,70.3,-0.038,-0.0241,0.1603,0.06,-1.42,0.4
2026-03-22 11:48:32.337,172.0,0.008,-14.0,-14.0429,6.9444,0.0,35.8,39.7,96.241,49.3,-0.1472,-0.0528,0.2735,-0.85,-0.68,-1.6
2026-03-22 11:48:33.436,173.0,0.008,-14.0,-14.0343,6.9204,0.768,30.1,25.4,102.87,88.55,-0.0133,-0.0167,0.0128,1.74,0.37,-0.7
2026-03-22 11:48:34.548,174.0,0.008,-14.0,-14.0275,6.8966,0.0,20.4,38.5,98.494,80.3,-0.1957,0.1324,-0.0303,1.59,1.41,1.36
2026-03-22 11:48:35.924,175.0,0.008,-14.0,-14.022,6.8729,0.768,31.7,21.8,104.745,2.81,0.0103,0.2738,-0.0936,0.21,1.54,-1.96
2026-03-22 11:48:36.344,176.0,0.008,-14.0,-14.0176,6.8493,0.0,29.2,26.0,98.822,66.94,0.0185,0.0103,0.0161,-1.04,-1.66,0.12
2026-03-22 11:48:37.493,177.0,0.008,-14.0,-14.0141,6.8259,0.768,26.3,25.8,102.59,79.19,-0.1763,-0.3354,0.0294,0.73,-1.6,-1.18
2026-03-22 11:48:38.279,178.0,0.008,-14.0,-14.0112,6.8027,0.0,33.4,30.3,102.962,0.22,-0.1943,-0.1772,0.1902,-0.49,1.82,1.23
2026-03-22 11:48:39.484,179.0,0.008,-14.0,-14.009,6.7797,0.768,36.8,32.8,104.586,64.43,-0.3634,-0.0717,0.0197,-0.86,1.1,-1.83
2026-03-22 11:48:40.628,180.0,0.0079,-14.0,-14.0072,6.7568,0.0,39.5,25.5,100.2,90.26,-0.3135,-0.3358,0.0034,0.12,-0.36,1.14
2026-03-22 11:48:41.806,181.0,0.0079,-14.0,-14.0058,6.734,0.768,25.4,24.9,103.643,12.47,-0.0479,-0.0127,0.0034,0.56,-0.48,-1.21
2026-03-22 11:48:42.241,182.0,0.0079,-14.0,-14.0046,6.7114,0.0,20.5,39.3,96.427,4.92,0.1555,0.0985,0.0588,0.6,0.31,-1.82
2026-03-22 11:48:43.241,183.0,0.0079,-14.0,-14.0037,6.689,0.768,36.1,36.3,97.076,2.46,0.0539,0.0161,0.0463,0.69,1.42,0.85
2026-03-22 11:48:44.438,184.0,0.0079,-14.0,-14.0029,6.6667,0.0,20.1,35.7,103.784,62.72,0.0535,-0.0341,0.0349,1.82,-1.01,1.24
2026-03-22 11:48:45.657,185.0,0.0079,-14.0,-14.0024,6.6445,0.768,32.1,21.0,104.962,5.28,-0.0985,-0.0075,-0.1467,-0.56,-1.82,-1.37
2026-03-22 11:48:46.825,186.0,0.0079,-14.0,-14.0019,6.6225,0.384,38.1,25.0,99.184,89.53,0.1004,-0.1821,-0.0525,-0.5,1.67,1.9
2026-03-22 11:48:47.331,187.0,0.0079,-14.0,-14.0015,6.6007,0.0,39.0,31.2,101.983,68.76,-0.0134,-0.2547,0.0917,1.7,0.28,-0.66
2026-03-22 11:48:48.627,188.0,0.0079,-14.0,-14.0012,6.5789,0.768,27.0,35.1,99.494,55.42,0.1195,-0.0656,0.0838,0.1,0.78,1.72
2026-03-22 11:48:49.414,189.0,0.0079,-14.0,-14.001,6.5574,0.0,26.1,20.8,98.645,87.89,-0.0506,-0.3848,0.0774,-0.46,0.22,-1.3
2026-03-22 11:48:50.781,190.0,0.0079,-14.0,-14.0008,6.5359,0.768,20.1,27.6,101.062,49.15,-0.0822,-0.564,0.2474,-1.58,-0.15,1.67
2026-03-22 11:48:52.044,191.0,0.0079,-14.0,-14.0006,6.5147,0.0,27.8,25.5,96.513,37.05,-0.024,-0.5588,0.3297,-0.8,-1.18,1.5
2026-03-22 11:48:52.466,192.0,0.0079,-14.0,-14.0005,6.4935,0.768,35.0,26.5,95.55,47.89,0.0473,-0.5327,0.483,1.76,1.82,-1.16
2026-03-22 11:48:53.234,193.0,0.0079,-14.0,-14.0004,6.4725,0.0,31.3,23.2,95.753,50.76,0.1042,-0.0985,0.0347,-0.29,-0.74,-0.47
2026-03-22 11:48:54.432,194.0,0.0079,-14.0,-14.0003,6.4516,0.768,39.4,28.9,96.94,92.36,-0.0769,-0.025,0.0554,1.08,-0.07,1.41
2026-03-22 11:48:55.770,195.0,0.0079,-14.0,-14.0003,6.4309,0.0,26.7,39.1,104.636,7.52,0.0983,0.0756,0.0763,-0.27,-1.91,-0.58
2026-03-22 11:48:56.244,196.0,0.0079,-14.0,-14.0002,6.4103,0.768,20.1,37.6,97.8,69.78,0.0379,0.163,0.0981,-1.26,1.87,1.37
2026-03-22 11:48:57.445,197.0,0.0079,-14.0,-14.0002,6.3898,0.0,35.7,28.5,95.541,80.9,0.1471,0.1712,0.2226,-1.66,-1.46,-1.77
2026-03-22 11:48:58.585,198.0,0.0079,-14.0,-14.0001,6.3694,0.768,27.9,30.6,96.531,2.23,0.0694,0.1323,0.2174,1.82,-1.15,-1.11
2026-03-22 11:48:59.331,199.0,0.0079,-14.0,-14.0001,6.3492,0.0,25.7,29.5,101.756,34.68,-0.0767,-0.0688,0.0635,1.85,-0.3,0.86
2026-03-22 11:49:00.476,200.0,0.0079,-14.0,-14.0001,6.3291,0.768,33.3,35.3,99.97,18.84,0.0223,-0.031,0.1005,1.2,0.36,-1.36
2026-03-22 11:49:01.618,201.0,0.0081,-15.0,-14.2001,6.3091,0.0,36.6,25.4,103.575,48.75,0.0784,-0.0572,-0.0166,-1.76,0.12,-1.93
2026-03-22 11:49:02.811,202.0,0.0081,-14.0,-14.1601,6.2893,0.768,38.5,26.0,101.146,10.35,-0.254,-0.0309,-0.2214,0.41,-0.47,0.07
2026-03-22 11:49:03.231,203.0,0.0082,-15.0,-14.328,6.2696,0.0,39.5,27.7,96.607,1.0,-0.1621,0.0594,-0.0643,0.45,-0.61,-1.23
2026-03-22 11:49:04.354,204.0,0.0084,-15.0,-14.4624,6.25,0.768,24.1,35.2,104.411,55.51,-0.0877,0.1441,0.0011,1.3,1.46,0.23
2026-03-22 11:49:05.576,205.0,0.0085,-15.0,-14.5699,6.2305,0.384,21.0,32.2,102.243,66.43,0.0393,0.1023,0.0405,0.15,1.93,0.78
2026-03-22 11:49:06.335,206.0,0.0084,-14.0,-14.456,6.2112,0.0,31.3,39.7,104.294,20.74,0.0886,0.2555,0.1343,-0.17,0.95,0.54
2026-03-22 11:49:07.488,207.0,0.0085,-15.0,-14.5648,6.192,0.768,29.5,27.2,101.846,5.68,0.0055,0.0155,0.0191,0.55,1.55,1.91
2026-03-22 11:49:08.659,208.0,0.0084,-14.0,-14.4518,6.1728,0.0,29.9,35.4,102.656,82.68,0.0429,0.015,-0.1729,1.59,-1.74,-1.32
2026-03-22 11:49:09.800,209.0,0.0083,-14.0,-14.3615,6.1538,0.768,26.1,33.1,95.426,90.01,0.1496,0.1182,-0.2943,-1.48,1.77,0.13
2026-03-22 11:49:10.252,210.0,0.0082,-14.0,-14.2892,6.135,0.0,35.7,29.9,99.342,56.2,0.0397,-0.113,-0.3066,-1.62,-0.31,-1.3
2026-03-22 11:49:11.383,211.0,0.0082,-14.0,-14.2313,6.1162,0.768,23.7,32.9,98.912,91.47,0.0879,-0.1728,-0.2365,-0.61,-0.99,1.33
2026-03-22 11:49:12.585,212.0,0.0081,-14.0,-14.1851,6.0976,0.0,25.9,28.2,100.529,76.26,0.1991,-0.1624,-0.1024,-1.73,-0.15,-0.83
2026-03-22 11:49:13.387,213.0,0.0081,-14.0,-14.1481,6.079,0.768,39.0,24.1,97.659,27.4,0.0747,-0.1408,-0.1648,0.74,1.32,-1.17
2026-03-22 11:49:14.516,214.0,0.0081,-14.0,-14.1184,6.0606,0.0,38.5,39.3,97.833,55.95,-0.0669,-0.4176,-0.1274,-1.03,-1.55,0.04
2026-03-22 11:49:15.751,215.0,0.008,-14.0,-14.0948,6.0423,0.768,24.6,31.4,99.782,21.07,-0.0215,-0.5139,-0.2857,0.52,-0.43,0.75
2026-03-22 11:49:16.924,216.0,0.0078,-13.0,-13.8758,6.0241,0.0,33.9,24.1,99.446,63.71,-0.0408,-0.4857,-0.0938,1.7,0.56,-1.94
2026-03-22 11:49:17.528,217.0,0.0079,-14.0,-13.9006,6.006,0.768,36.6,33.4,100.189,34.44,-0.0764,-0.5298,0.015,-0.84,-1.45,-1.11
2026-03-22 11:49:18.427,218.0,0.0077,-13.0,-13.7205,5.988,0.384,31.4,25.6,96.02,63.71,0.0023,-0.4907,0.151,-1.55,-0.37,0.28
2026-03-22 11:49:19.675,219.0,0.0077,-14.0,-13.7764,5.9701,0.0,27.7,27.2,99.385,3.8,0.0357,-0.1545,0.1969,-0.3,-2.0,0.24
2026-03-22 11:49:21.003,220.0,0.0078,-14.0,-13.8211,5.9524,0.768,32.1,26.7,98.539,21.24,-0.0539,-0.1985,0.1847,-1.93,-0.67,-0.7
2026-03-22 11:49:21.438,221.0,0.0078,-14.0,-13.8569,5.9347,0.0,23.3,31.6,103.537,39.33,-0.3143,-0.2396,0.376,1.23,-0.27,0.72
2026-03-22 11:49:22.365,222.0,0.0075,-12.0,-13.4855,5.9172,0.768,33.4,31.6,104.067,14.11,-0.2633,-0.4077,0.2978,-0.92,-0.08,1.31
